station_id,station_name,parameter_id,parameter_name,parameter_summary,unit,datetime_utc,datetime_local,from_ms,to_ms,value,value_numeric,quality,reference,source_period
162860,Luleå-Kallax Flygplats,8,Snödjup,"momentanvärde, 1 gång/dygn, kl 06",meter,1967-01-01T06:00:00Z,1967-01-01T07:00:00+01:00,-94672800000,,0.53,0.53,Y,,corrected-archive-csv
162860,Luleå-Kallax Flygplats,8,Snödjup,"momentanvärde, 1 gång/dygn, kl 06",meter,1967-01-02T06:00:00Z,1967-01-02T07:00:00+01:00,-94586400000,,0.53,0.53,Y,,corrected-archive-csv
162860,Luleå-Kallax Flygplats,8,Snödjup,"momentanvärde, 1 gång/dygn, kl 06",meter,1967-01-03T06:00:00Z,1967-01-03T07:00:00+01:00,-94500000000,,0.52,0.52,Y,,corrected-archive-csv
162860,Luleå-Kallax Flygplats,8,Snödjup,"momentanvärde, 1 gång/dygn, kl 06",meter,1967-01-04T06:00:00Z,1967-01-04T07:00:00+01:00,-94413600000,,0.52,0.52,Y,,corrected-archive-csv
162860,Luleå-Kallax Flygplats,8,Snödjup,"momentanvärde, 1 gång/dygn, kl 06",meter,1967-01-05T06:00:00Z,1967-01-05T07:00:00+01:00,-94327200000,,0.52,0.52,Y,,corrected-archive-csv
162860,Luleå-Kallax Flygplats,8,Snödjup,"momentanvärde, 1 gång/dygn, kl 06",meter,1967-01-06T06:00:00Z,1967-01-06T07:00:00+01:00,-94240800000,,0.52,0.52,Y,,corrected-archive-csv
162860,Luleå-Kallax Flygplats,8,Snödjup,"momentanvärde, 1 gång/dygn, kl 06",meter,1967-01-07T06:00:00Z,1967-01-07T07:00:00+01:00,-94154400000,,0.52,0.52,Y,,corrected-archive-csv
162860,Luleå-Kallax Flygplats,8,Snödjup,"momentanvärde, 1 gång/dygn, kl 06",meter,1967-01-08T06:00:00Z,1967-01-08T07:00:00+01:00,-94068000000,,0.50,0.50,Y,,corrected-archive-csv
162860,Luleå-Kallax Flygplats,8,Snödjup,"momentanvärde, 1 gång/dygn, kl 06",meter,1967-01-09T06:00:00Z,1967-01-09T07:00:00+01:00,-93981600000,,0.51,0.51,Y,,corrected-archive-csv
162860,Luleå-Kallax Flygplats,8,Snödjup,"momentanvärde, 1 gång/dygn, kl 06",meter,1967-01-10T06:00:00Z,1967-01-10T07:00:00+01:00,-93895200000,,0.52,0.52,Y,,corrected-archive-csv
162860,Luleå-Kallax Flygplats,8,Snödjup,"momentanvärde, 1 gång/dygn, kl 06",meter,1967-01-11T06:00:00Z,1967-01-11T07:00:00+01:00,-93808800000,,0.57,0.57,Y,,corrected-archive-csv
162860,Luleå-Kallax Flygplats,8,Snödjup,"momentanvärde, 1 gång/dygn, kl 06",meter,1967-01-12T06:00:00Z,1967-01-12T07:00:00+01:00,-93722400000,,0.57,0.57,Y,,corrected-archive-csv
162860,Luleå-Kallax Flygplats,8,Snödjup,"momentanvärde, 1 gång/dygn, kl 06",meter,1967-01-13T06:00:00Z,1967-01-13T07:00:00+01:00,-93636000000,,0.57,0.57,Y,,corrected-archive-csv
162860,Luleå-Kallax Flygplats,8,Snödjup,"momentanvärde, 1 gång/dygn, kl 06",meter,1967-01-14T06:00:00Z,1967-01-14T07:00:00+01:00,-93549600000,,0.57,0.57,Y,,corrected-archive-csv
162860,Luleå-Kallax Flygplats,8,Snödjup,"momentanvärde, 1 gång/dygn, kl 06",meter,1967-01-15T06:00:00Z,1967-01-15T07:00:00+01:00,-93463200000,,0.56,0.56,Y,,corrected-archive-csv
162860,Luleå-Kallax Flygplats,8,Snödjup,"momentanvärde, 1 gång/dygn, kl 06",meter,1967-01-16T06:00:00Z,1967-01-16T07:00:00+01:00,-93376800000,,0.59,0.59,Y,,corrected-archive-csv
162860,Luleå-Kallax Flygplats,8,Snödjup,"momentanvärde, 1 gång/dygn, kl 06",meter,1967-01-17T06:00:00Z,1967-01-17T07:00:00+01:00,-93290400000,,0.56,0.56,Y,,corrected-archive-csv
162860,Luleå-Kallax Flygplats,8,Snödjup,"momentanvärde, 1 gång/dygn, kl 06",meter,1967-01-18T06:00:00Z,1967-01-18T07:00:00+01:00,-93204000000,,0.62,0.62,Y,,corrected-archive-csv
162860,Luleå-Kallax Flygplats,8,Snödjup,"momentanvärde, 1 gång/dygn, kl 06",meter,1967-01-19T06:00:00Z,1967-01-19T07:00:00+01:00,-93117600000,,0.62,0.62,Y,,corrected-archive-csv
162860,Luleå-Kallax Flygplats,8,Snödjup,"momentanvärde, 1 gång/dygn, kl 06",meter,1967-01-20T06:00:00Z,1967-01-20T07:00:00+01:00,-93031200000,,0.60,0.60,Y,,corrected-archive-csv
162860,Luleå-Kallax Flygplats,8,Snödjup,"momentanvärde, 1 gång/dygn, kl 06",meter,1967-01-21T06:00:00Z,1967-01-21T07:00:00+01:00,-92944800000,,0.60,0.60,Y,,corrected-archive-csv
162860,Luleå-Kallax Flygplats,8,Snödjup,"momentanvärde, 1 gång/dygn, kl 06",meter,1967-01-22T06:00:00Z,1967-01-22T07:00:00+01:00,-92858400000,,0.57,0.57,Y,,corrected-archive-csv
162860,Luleå-Kallax Flygplats,8,Snödjup,"momentanvärde, 1 gång/dygn, kl 06",meter,1967-01-23T06:00:00Z,1967-01-23T07:00:00+01:00,-92772000000,,0.56,0.56,Y,,corrected-archive-csv
162860,Luleå-Kallax Flygplats,8,Snödjup,"momentanvärde, 1 gång/dygn, kl 06",meter,1967-01-24T06:00:00Z,1967-01-24T07:00:00+01:00,-92685600000,,0.56,0.56,Y,,corrected-archive-csv
162860,Luleå-Kallax Flygplats,8,Snödjup,"momentanvärde, 1 gång/dygn, kl 06",meter,1967-01-25T06:00:00Z,1967-01-25T07:00:00+01:00,-92599200000,,0.53,0.53,Y,,corrected-archive-csv
162860,Luleå-Kallax Flygplats,8,Snödjup,"momentanvärde, 1 gång/dygn, kl 06",meter,1967-01-26T06:00:00Z,1967-01-26T07:00:00+01:00,-92512800000,,0.53,0.53,Y,,corrected-archive-csv
162860,Luleå-Kallax Flygplats,8,Snödjup,"momentanvärde, 1 gång/dygn, kl 06",meter,1967-01-27T06:00:00Z,1967-01-27T07:00:00+01:00,-92426400000,,0.53,0.53,Y,,corrected-archive-csv
162860,Luleå-Kallax Flygplats,8,Snödjup,"momentanvärde, 1 gång/dygn, kl 06",meter,1967-01-28T06:00:00Z,1967-01-28T07:00:00+01:00,-92340000000,,0.53,0.53,Y,,corrected-archive-csv
162860,Luleå-Kallax Flygplats,8,Snödjup,"momentanvärde, 1 gång/dygn, kl 06",meter,1967-01-29T06:00:00Z,1967-01-29T07:00:00+01:00,-92253600000,,0.53,0.53,Y,,corrected-archive-csv
162860,Luleå-Kallax Flygplats,8,Snödjup,"momentanvärde, 1 gång/dygn, kl 06",meter,1967-01-30T06:00:00Z,1967-01-30T07:00:00+01:00,-92167200000,,0.53,0.53,Y,,corrected-archive-csv
162860,Luleå-Kallax Flygplats,8,Snödjup,"momentanvärde, 1 gång/dygn, kl 06",meter,1967-01-31T06:00:00Z,1967-01-31T07:00:00+01:00,-92080800000,,0.53,0.53,Y,,corrected-archive-csv
162860,Luleå-Kallax Flygplats,8,Snödjup,"momentanvärde, 1 gång/dygn, kl 06",meter,1967-02-01T06:00:00Z,1967-02-01T07:00:00+01:00,-91994400000,,0.53,0.53,Y,,corrected-archive-csv
162860,Luleå-Kallax Flygplats,8,Snödjup,"momentanvärde, 1 gång/dygn, kl 06",meter,1967-02-02T06:00:00Z,1967-02-02T07:00:00+01:00,-91908000000,,0.55,0.55,Y,,corrected-archive-csv
162860,Luleå-Kallax Flygplats,8,Snödjup,"momentanvärde, 1 gång/dygn, kl 06",meter,1967-02-03T06:00:00Z,1967-02-03T07:00:00+01:00,-91821600000,,0.55,0.55,Y,,corrected-archive-csv
162860,Luleå-Kallax Flygplats,8,Snödjup,"momentanvärde, 1 gång/dygn, kl 06",meter,1967-02-04T06:00:00Z,1967-02-04T07:00:00+01:00,-91735200000,,0.57,0.57,Y,,corrected-archive-csv
162860,Luleå-Kallax Flygplats,8,Snödjup,"momentanvärde, 1 gång/dygn, kl 06",meter,1967-02-05T06:00:00Z,1967-02-05T07:00:00+01:00,-91648800000,,0.58,0.58,Y,,corrected-archive-csv
162860,Luleå-Kallax Flygplats,8,Snödjup,"momentanvärde, 1 gång/dygn, kl 06",meter,1967-02-06T06:00:00Z,1967-02-06T07:00:00+01:00,-91562400000,,0.58,0.58,Y,,corrected-archive-csv
162860,Luleå-Kallax Flygplats,8,Snödjup,"momentanvärde, 1 gång/dygn, kl 06",meter,1967-02-07T06:00:00Z,1967-02-07T07:00:00+01:00,-91476000000,,0.61,0.61,Y,,corrected-archive-csv
162860,Luleå-Kallax Flygplats,8,Snödjup,"momentanvärde, 1 gång/dygn, kl 06",meter,1967-02-08T06:00:00Z,1967-02-08T07:00:00+01:00,-91389600000,,0.63,0.63,Y,,corrected-archive-csv
162860,Luleå-Kallax Flygplats,8,Snödjup,"momentanvärde, 1 gång/dygn, kl 06",meter,1967-02-09T06:00:00Z,1967-02-09T07:00:00+01:00,-91303200000,,0.63,0.63,Y,,corrected-archive-csv
162860,Luleå-Kallax Flygplats,8,Snödjup,"momentanvärde, 1 gång/dygn, kl 06",meter,1967-02-10T06:00:00Z,1967-02-10T07:00:00+01:00,-91216800000,,0.63,0.63,Y,,corrected-archive-csv
162860,Luleå-Kallax Flygplats,8,Snödjup,"momentanvärde, 1 gång/dygn, kl 06",meter,1967-02-11T06:00:00Z,1967-02-11T07:00:00+01:00,-91130400000,,0.64,0.64,Y,,corrected-archive-csv
162860,Luleå-Kallax Flygplats,8,Snödjup,"momentanvärde, 1 gång/dygn, kl 06",meter,1967-02-12T06:00:00Z,1967-02-12T07:00:00+01:00,-91044000000,,0.64,0.64,Y,,corrected-archive-csv
162860,Luleå-Kallax Flygplats,8,Snödjup,"momentanvärde, 1 gång/dygn, kl 06",meter,1967-02-13T06:00:00Z,1967-02-13T07:00:00+01:00,-90957600000,,0.64,0.64,Y,,corrected-archive-csv
162860,Luleå-Kallax Flygplats,8,Snödjup,"momentanvärde, 1 gång/dygn, kl 06",meter,1967-02-14T06:00:00Z,1967-02-14T07:00:00+01:00,-90871200000,,0.62,0.62,Y,,corrected-archive-csv
162860,Luleå-Kallax Flygplats,8,Snödjup,"momentanvärde, 1 gång/dygn, kl 06",meter,1967-02-15T06:00:00Z,1967-02-15T07:00:00+01:00,-90784800000,,0.62,0.62,Y,,corrected-archive-csv
162860,Luleå-Kallax Flygplats,8,Snödjup,"momentanvärde, 1 gång/dygn, kl 06",meter,1967-02-16T06:00:00Z,1967-02-16T07:00:00+01:00,-90698400000,,0.62,0.62,Y,,corrected-archive-csv
162860,Luleå-Kallax Flygplats,8,Snödjup,"momentanvärde, 1 gång/dygn, kl 06",meter,1967-02-17T06:00:00Z,1967-02-17T07:00:00+01:00,-90612000000,,0.61,0.61,Y,,corrected-archive-csv
162860,Luleå-Kallax Flygplats,8,Snödjup,"momentanvärde, 1 gång/dygn, kl 06",meter,1967-02-18T06:00:00Z,1967-02-18T07:00:00+01:00,-90525600000,,0.62,0.62,Y,,corrected-archive-csv
162860,Luleå-Kallax Flygplats,8,Snödjup,"momentanvärde, 1 gång/dygn, kl 06",meter,1967-02-19T06:00:00Z,1967-02-19T07:00:00+01:00,-90439200000,,0.62,0.62,Y,,corrected-archive-csv
162860,Luleå-Kallax Flygplats,8,Snödjup,"momentanvärde, 1 gång/dygn, kl 06",meter,1967-02-20T06:00:00Z,1967-02-20T07:00:00+01:00,-90352800000,,0.62,0.62,Y,,corrected-archive-csv
162860,Luleå-Kallax Flygplats,8,Snödjup,"momentanvärde, 1 gång/dygn, kl 06",meter,1967-02-21T06:00:00Z,1967-02-21T07:00:00+01:00,-90266400000,,0.63,0.63,Y,,corrected-archive-csv
162860,Luleå-Kallax Flygplats,8,Snödjup,"momentanvärde, 1 gång/dygn, kl 06",meter,1967-02-22T06:00:00Z,1967-02-22T07:00:00+01:00,-90180000000,,0.62,0.62,Y,,corrected-archive-csv
162860,Luleå-Kallax Flygplats,8,Snödjup,"momentanvärde, 1 gång/dygn, kl 06",meter,1967-02-23T06:00:00Z,1967-02-23T07:00:00+01:00,-90093600000,,0.64,0.64,Y,,corrected-archive-csv
162860,Luleå-Kallax Flygplats,8,Snödjup,"momentanvärde, 1 gång/dygn, kl 06",meter,1967-02-24T06:00:00Z,1967-02-24T07:00:00+01:00,-90007200000,,0.63,0.63,Y,,corrected-archive-csv
162860,Luleå-Kallax Flygplats,8,Snödjup,"momentanvärde, 1 gång/dygn, kl 06",meter,1967-02-25T06:00:00Z,1967-02-25T07:00:00+01:00,-89920800000,,0.62,0.62,Y,,corrected-archive-csv
162860,Luleå-Kallax Flygplats,8,Snödjup,"momentanvärde, 1 gång/dygn, kl 06",meter,1967-02-26T06:00:00Z,1967-02-26T07:00:00+01:00,-89834400000,,0.62,0.62,Y,,corrected-archive-csv
162860,Luleå-Kallax Flygplats,8,Snödjup,"momentanvärde, 1 gång/dygn, kl 06",meter,1967-02-27T06:00:00Z,1967-02-27T07:00:00+01:00,-89748000000,,0.63,0.63,Y,,corrected-archive-csv
162860,Luleå-Kallax Flygplats,8,Snödjup,"momentanvärde, 1 gång/dygn, kl 06",meter,1967-02-28T06:00:00Z,1967-02-28T07:00:00+01:00,-89661600000,,0.63,0.63,Y,,corrected-archive-csv
162860,Luleå-Kallax Flygplats,8,Snödjup,"momentanvärde, 1 gång/dygn, kl 06",meter,1967-03-01T06:00:00Z,1967-03-01T07:00:00+01:00,-89575200000,,0.72,0.72,Y,,corrected-archive-csv
162860,Luleå-Kallax Flygplats,8,Snödjup,"momentanvärde, 1 gång/dygn, kl 06",meter,1967-03-02T06:00:00Z,1967-03-02T07:00:00+01:00,-89488800000,,0.70,0.70,Y,,corrected-archive-csv
162860,Luleå-Kallax Flygplats,8,Snödjup,"momentanvärde, 1 gång/dygn, kl 06",meter,1967-03-03T06:00:00Z,1967-03-03T07:00:00+01:00,-89402400000,,0.70,0.70,Y,,corrected-archive-csv
162860,Luleå-Kallax Flygplats,8,Snödjup,"momentanvärde, 1 gång/dygn, kl 06",meter,1967-03-04T06:00:00Z,1967-03-04T07:00:00+01:00,-89316000000,,0.71,0.71,Y,,corrected-archive-csv
162860,Luleå-Kallax Flygplats,8,Snödjup,"momentanvärde, 1 gång/dygn, kl 06",meter,1967-03-05T06:00:00Z,1967-03-05T07:00:00+01:00,-89229600000,,0.71,0.71,Y,,corrected-archive-csv
162860,Luleå-Kallax Flygplats,8,Snödjup,"momentanvärde, 1 gång/dygn, kl 06",meter,1967-03-06T06:00:00Z,1967-03-06T07:00:00+01:00,-89143200000,,0.68,0.68,Y,,corrected-archive-csv
162860,Luleå-Kallax Flygplats,8,Snödjup,"momentanvärde, 1 gång/dygn, kl 06",meter,1967-03-07T06:00:00Z,1967-03-07T07:00:00+01:00,-89056800000,,0.68,0.68,Y,,corrected-archive-csv
162860,Luleå-Kallax Flygplats,8,Snödjup,"momentanvärde, 1 gång/dygn, kl 06",meter,1967-03-08T06:00:00Z,1967-03-08T07:00:00+01:00,-88970400000,,0.70,0.70,Y,,corrected-archive-csv
162860,Luleå-Kallax Flygplats,8,Snödjup,"momentanvärde, 1 gång/dygn, kl 06",meter,1967-03-09T06:00:00Z,1967-03-09T07:00:00+01:00,-88884000000,,0.65,0.65,Y,,corrected-archive-csv
162860,Luleå-Kallax Flygplats,8,Snödjup,"momentanvärde, 1 gång/dygn, kl 06",meter,1967-03-10T06:00:00Z,1967-03-10T07:00:00+01:00,-88797600000,,0.65,0.65,Y,,corrected-archive-csv
162860,Luleå-Kallax Flygplats,8,Snödjup,"momentanvärde, 1 gång/dygn, kl 06",meter,1967-03-11T06:00:00Z,1967-03-11T07:00:00+01:00,-88711200000,,0.68,0.68,Y,,corrected-archive-csv
162860,Luleå-Kallax Flygplats,8,Snödjup,"momentanvärde, 1 gång/dygn, kl 06",meter,1967-03-12T06:00:00Z,1967-03-12T07:00:00+01:00,-88624800000,,0.63,0.63,Y,,corrected-archive-csv
162860,Luleå-Kallax Flygplats,8,Snödjup,"momentanvärde, 1 gång/dygn, kl 06",meter,1967-03-13T06:00:00Z,1967-03-13T07:00:00+01:00,-88538400000,,0.63,0.63,Y,,corrected-archive-csv
162860,Luleå-Kallax Flygplats,8,Snödjup,"momentanvärde, 1 gång/dygn, kl 06",meter,1967-03-14T06:00:00Z,1967-03-14T07:00:00+01:00,-88452000000,,0.70,0.70,Y,,corrected-archive-csv
162860,Luleå-Kallax Flygplats,8,Snödjup,"momentanvärde, 1 gång/dygn, kl 06",meter,1967-03-15T06:00:00Z,1967-03-15T07:00:00+01:00,-88365600000,,0.68,0.68,Y,,corrected-archive-csv
162860,Luleå-Kallax Flygplats,8,Snödjup,"momentanvärde, 1 gång/dygn, kl 06",meter,1967-03-16T06:00:00Z,1967-03-16T07:00:00+01:00,-88279200000,,0.88,0.88,Y,,corrected-archive-csv
162860,Luleå-Kallax Flygplats,8,Snödjup,"momentanvärde, 1 gång/dygn, kl 06",meter,1967-03-17T06:00:00Z,1967-03-17T07:00:00+01:00,-88192800000,,0.88,0.88,Y,,corrected-archive-csv
162860,Luleå-Kallax Flygplats,8,Snödjup,"momentanvärde, 1 gång/dygn, kl 06",meter,1967-03-18T06:00:00Z,1967-03-18T07:00:00+01:00,-88106400000,,0.90,0.90,Y,,corrected-archive-csv
162860,Luleå-Kallax Flygplats,8,Snödjup,"momentanvärde, 1 gång/dygn, kl 06",meter,1967-03-19T06:00:00Z,1967-03-19T07:00:00+01:00,-88020000000,,0.85,0.85,Y,,corrected-archive-csv
162860,Luleå-Kallax Flygplats,8,Snödjup,"momentanvärde, 1 gång/dygn, kl 06",meter,1967-03-20T06:00:00Z,1967-03-20T07:00:00+01:00,-87933600000,,0.86,0.86,Y,,corrected-archive-csv
162860,Luleå-Kallax Flygplats,8,Snödjup,"momentanvärde, 1 gång/dygn, kl 06",meter,1967-03-21T06:00:00Z,1967-03-21T07:00:00+01:00,-87847200000,,0.84,0.84,Y,,corrected-archive-csv
162860,Luleå-Kallax Flygplats,8,Snödjup,"momentanvärde, 1 gång/dygn, kl 06",meter,1967-03-22T06:00:00Z,1967-03-22T07:00:00+01:00,-87760800000,,0.84,0.84,Y,,corrected-archive-csv
162860,Luleå-Kallax Flygplats,8,Snödjup,"momentanvärde, 1 gång/dygn, kl 06",meter,1967-03-23T06:00:00Z,1967-03-23T07:00:00+01:00,-87674400000,,0.77,0.77,Y,,corrected-archive-csv
162860,Luleå-Kallax Flygplats,8,Snödjup,"momentanvärde, 1 gång/dygn, kl 06",meter,1967-03-24T06:00:00Z,1967-03-24T07:00:00+01:00,-87588000000,,0.76,0.76,Y,,corrected-archive-csv
162860,Luleå-Kallax Flygplats,8,Snödjup,"momentanvärde, 1 gång/dygn, kl 06",meter,1967-03-25T06:00:00Z,1967-03-25T07:00:00+01:00,-87501600000,,0.76,0.76,Y,,corrected-archive-csv
162860,Luleå-Kallax Flygplats,8,Snödjup,"momentanvärde, 1 gång/dygn, kl 06",meter,1967-03-26T06:00:00Z,1967-03-26T07:00:00+01:00,-87415200000,,0.77,0.77,Y,,corrected-archive-csv
162860,Luleå-Kallax Flygplats,8,Snödjup,"momentanvärde, 1 gång/dygn, kl 06",meter,1967-03-27T06:00:00Z,1967-03-27T07:00:00+01:00,-87328800000,,0.83,0.83,Y,,corrected-archive-csv
162860,Luleå-Kallax Flygplats,8,Snödjup,"momentanvärde, 1 gång/dygn, kl 06",meter,1967-03-28T06:00:00Z,1967-03-28T07:00:00+01:00,-87242400000,,0.78,0.78,Y,,corrected-archive-csv
162860,Luleå-Kallax Flygplats,8,Snödjup,"momentanvärde, 1 gång/dygn, kl 06",meter,1967-03-29T06:00:00Z,1967-03-29T07:00:00+01:00,-87156000000,,0.76,0.76,Y,,corrected-archive-csv
162860,Luleå-Kallax Flygplats,8,Snödjup,"momentanvärde, 1 gång/dygn, kl 06",meter,1967-03-30T06:00:00Z,1967-03-30T07:00:00+01:00,-87069600000,,0.74,0.74,Y,,corrected-archive-csv
162860,Luleå-Kallax Flygplats,8,Snödjup,"momentanvärde, 1 gång/dygn, kl 06",meter,1967-03-31T06:00:00Z,1967-03-31T07:00:00+01:00,-86983200000,,0.71,0.71,Y,,corrected-archive-csv
162860,Luleå-Kallax Flygplats,8,Snödjup,"momentanvärde, 1 gång/dygn, kl 06",meter,1967-04-01T06:00:00Z,1967-04-01T07:00:00+01:00,-86896800000,,0.70,0.70,Y,,corrected-archive-csv
162860,Luleå-Kallax Flygplats,8,Snödjup,"momentanvärde, 1 gång/dygn, kl 06",meter,1967-04-02T06:00:00Z,1967-04-02T07:00:00+01:00,-86810400000,,0.69,0.69,Y,,corrected-archive-csv
162860,Luleå-Kallax Flygplats,8,Snödjup,"momentanvärde, 1 gång/dygn, kl 06",meter,1967-04-03T06:00:00Z,1967-04-03T07:00:00+01:00,-86724000000,,0.69,0.69,Y,,corrected-archive-csv
162860,Luleå-Kallax Flygplats,8,Snödjup,"momentanvärde, 1 gång/dygn, kl 06",meter,1967-04-04T06:00:00Z,1967-04-04T07:00:00+01:00,-86637600000,,0.68,0.68,Y,,corrected-archive-csv
162860,Luleå-Kallax Flygplats,8,Snödjup,"momentanvärde, 1 gång/dygn, kl 06",meter,1967-04-05T06:00:00Z,1967-04-05T07:00:00+01:00,-86551200000,,0.68,0.68,Y,,corrected-archive-csv
162860,Luleå-Kallax Flygplats,8,Snödjup,"momentanvärde, 1 gång/dygn, kl 06",meter,1967-04-06T06:00:00Z,1967-04-06T07:00:00+01:00,-86464800000,,0.68,0.68,Y,,corrected-archive-csv
162860,Luleå-Kallax Flygplats,8,Snödjup,"momentanvärde, 1 gång/dygn, kl 06",meter,1967-04-07T06:00:00Z,1967-04-07T07:00:00+01:00,-86378400000,,0.65,0.65,Y,,corrected-archive-csv
162860,Luleå-Kallax Flygplats,8,Snödjup,"momentanvärde, 1 gång/dygn, kl 06",meter,1967-04-08T06:00:00Z,1967-04-08T07:00:00+01:00,-86292000000,,0.64,0.64,Y,,corrected-archive-csv
162860,Luleå-Kallax Flygplats,8,Snödjup,"momentanvärde, 1 gång/dygn, kl 06",meter,1967-04-09T06:00:00Z,1967-04-09T07:00:00+01:00,-86205600000,,0.58,0.58,Y,,corrected-archive-csv
162860,Luleå-Kallax Flygplats,8,Snödjup,"momentanvärde, 1 gång/dygn, kl 06",meter,1967-04-10T06:00:00Z,1967-04-10T07:00:00+01:00,-86119200000,,0.58,0.58,Y,,corrected-archive-csv
162860,Luleå-Kallax Flygplats,8,Snödjup,"momentanvärde, 1 gång/dygn, kl 06",meter,1967-04-11T06:00:00Z,1967-04-11T07:00:00+01:00,-86032800000,,0.55,0.55,Y,,corrected-archive-csv
162860,Luleå-Kallax Flygplats,8,Snödjup,"momentanvärde, 1 gång/dygn, kl 06",meter,1967-04-12T06:00:00Z,1967-04-12T07:00:00+01:00,-85946400000,,0.53,0.53,Y,,corrected-archive-csv
162860,Luleå-Kallax Flygplats,8,Snödjup,"momentanvärde, 1 gång/dygn, kl 06",meter,1967-04-13T06:00:00Z,1967-04-13T07:00:00+01:00,-85860000000,,0.50,0.50,Y,,corrected-archive-csv
162860,Luleå-Kallax Flygplats,8,Snödjup,"momentanvärde, 1 gång/dygn, kl 06",meter,1967-04-14T06:00:00Z,1967-04-14T07:00:00+01:00,-85773600000,,0.46,0.46,Y,,corrected-archive-csv
162860,Luleå-Kallax Flygplats,8,Snödjup,"momentanvärde, 1 gång/dygn, kl 06",meter,1967-04-15T06:00:00Z,1967-04-15T07:00:00+01:00,-85687200000,,0.38,0.38,Y,,corrected-archive-csv
162860,Luleå-Kallax Flygplats,8,Snödjup,"momentanvärde, 1 gång/dygn, kl 06",meter,1967-04-16T06:00:00Z,1967-04-16T07:00:00+01:00,-85600800000,,0.36,0.36,Y,,corrected-archive-csv
162860,Luleå-Kallax Flygplats,8,Snödjup,"momentanvärde, 1 gång/dygn, kl 06",meter,1967-04-17T06:00:00Z,1967-04-17T07:00:00+01:00,-85514400000,,0.31,0.31,Y,,corrected-archive-csv
162860,Luleå-Kallax Flygplats,8,Snödjup,"momentanvärde, 1 gång/dygn, kl 06",meter,1967-04-18T06:00:00Z,1967-04-18T07:00:00+01:00,-85428000000,,0.30,0.30,Y,,corrected-archive-csv
162860,Luleå-Kallax Flygplats,8,Snödjup,"momentanvärde, 1 gång/dygn, kl 06",meter,1967-04-19T06:00:00Z,1967-04-19T07:00:00+01:00,-85341600000,,0.30,0.30,Y,,corrected-archive-csv
162860,Luleå-Kallax Flygplats,8,Snödjup,"momentanvärde, 1 gång/dygn, kl 06",meter,1967-04-20T06:00:00Z,1967-04-20T07:00:00+01:00,-85255200000,,0.30,0.30,Y,,corrected-archive-csv
162860,Luleå-Kallax Flygplats,8,Snödjup,"momentanvärde, 1 gång/dygn, kl 06",meter,1967-04-21T06:00:00Z,1967-04-21T07:00:00+01:00,-85168800000,,0.30,0.30,Y,,corrected-archive-csv
162860,Luleå-Kallax Flygplats,8,Snödjup,"momentanvärde, 1 gång/dygn, kl 06",meter,1967-04-22T06:00:00Z,1967-04-22T07:00:00+01:00,-85082400000,,0.38,0.38,Y,,corrected-archive-csv
162860,Luleå-Kallax Flygplats,8,Snödjup,"momentanvärde, 1 gång/dygn, kl 06",meter,1967-04-23T06:00:00Z,1967-04-23T07:00:00+01:00,-84996000000,,0.36,0.36,Y,,corrected-archive-csv
162860,Luleå-Kallax Flygplats,8,Snödjup,"momentanvärde, 1 gång/dygn, kl 06",meter,1967-04-24T06:00:00Z,1967-04-24T07:00:00+01:00,-84909600000,,0.35,0.35,Y,,corrected-archive-csv
162860,Luleå-Kallax Flygplats,8,Snödjup,"momentanvärde, 1 gång/dygn, kl 06",meter,1967-04-25T06:00:00Z,1967-04-25T07:00:00+01:00,-84823200000,,0.33,0.33,Y,,corrected-archive-csv
162860,Luleå-Kallax Flygplats,8,Snödjup,"momentanvärde, 1 gång/dygn, kl 06",meter,1967-04-26T06:00:00Z,1967-04-26T07:00:00+01:00,-84736800000,,0.32,0.32,Y,,corrected-archive-csv
162860,Luleå-Kallax Flygplats,8,Snödjup,"momentanvärde, 1 gång/dygn, kl 06",meter,1967-04-27T06:00:00Z,1967-04-27T07:00:00+01:00,-84650400000,,0.28,0.28,Y,,corrected-archive-csv
162860,Luleå-Kallax Flygplats,8,Snödjup,"momentanvärde, 1 gång/dygn, kl 06",meter,1967-04-28T06:00:00Z,1967-04-28T07:00:00+01:00,-84564000000,,0.20,0.20,Y,,corrected-archive-csv
162860,Luleå-Kallax Flygplats,8,Snödjup,"momentanvärde, 1 gång/dygn, kl 06",meter,1967-04-29T06:00:00Z,1967-04-29T07:00:00+01:00,-84477600000,,0.10,0.10,Y,,corrected-archive-csv
162860,Luleå-Kallax Flygplats,8,Snödjup,"momentanvärde, 1 gång/dygn, kl 06",meter,1967-04-30T06:00:00Z,1967-04-30T07:00:00+01:00,-84391200000,,0.08,0.08,Y,,corrected-archive-csv
162860,Luleå-Kallax Flygplats,8,Snödjup,"momentanvärde, 1 gång/dygn, kl 06",meter,1967-05-01T06:00:00Z,1967-05-01T07:00:00+01:00,-84304800000,,0.05,0.05,Y,,corrected-archive-csv
162860,Luleå-Kallax Flygplats,8,Snödjup,"momentanvärde, 1 gång/dygn, kl 06",meter,1967-05-02T06:00:00Z,1967-05-02T07:00:00+01:00,-84218400000,,0.05,0.05,Y,,corrected-archive-csv
162860,Luleå-Kallax Flygplats,8,Snödjup,"momentanvärde, 1 gång/dygn, kl 06",meter,1967-05-03T06:00:00Z,1967-05-03T07:00:00+01:00,-84132000000,,0.04,0.04,Y,,corrected-archive-csv
162860,Luleå-Kallax Flygplats,8,Snödjup,"momentanvärde, 1 gång/dygn, kl 06",meter,1967-05-04T06:00:00Z,1967-05-04T07:00:00+01:00,-84045600000,,0.03,0.03,Y,,corrected-archive-csv
162860,Luleå-Kallax Flygplats,8,Snödjup,"momentanvärde, 1 gång/dygn, kl 06",meter,1967-05-05T06:00:00Z,1967-05-05T07:00:00+01:00,-83959200000,,0.03,0.03,Y,,corrected-archive-csv
162860,Luleå-Kallax Flygplats,8,Snödjup,"momentanvärde, 1 gång/dygn, kl 06",meter,1967-05-06T06:00:00Z,1967-05-06T07:00:00+01:00,-83872800000,,0.00,0.00,Y,,corrected-archive-csv
162860,Luleå-Kallax Flygplats,8,Snödjup,"momentanvärde, 1 gång/dygn, kl 06",meter,1967-05-07T06:00:00Z,1967-05-07T07:00:00+01:00,-83786400000,,0.00,0.00,Y,,corrected-archive-csv
162860,Luleå-Kallax Flygplats,8,Snödjup,"momentanvärde, 1 gång/dygn, kl 06",meter,1967-05-08T06:00:00Z,1967-05-08T07:00:00+01:00,-83700000000,,0.00,0.00,Y,,corrected-archive-csv
162860,Luleå-Kallax Flygplats,8,Snödjup,"momentanvärde, 1 gång/dygn, kl 06",meter,1967-05-09T06:00:00Z,1967-05-09T07:00:00+01:00,-83613600000,,0.00,0.00,Y,,corrected-archive-csv
162860,Luleå-Kallax Flygplats,8,Snödjup,"momentanvärde, 1 gång/dygn, kl 06",meter,1967-05-10T06:00:00Z,1967-05-10T07:00:00+01:00,-83527200000,,0.00,0.00,Y,,corrected-archive-csv
162860,Luleå-Kallax Flygplats,8,Snödjup,"momentanvärde, 1 gång/dygn, kl 06",meter,1967-05-11T06:00:00Z,1967-05-11T07:00:00+01:00,-83440800000,,0.00,0.00,Y,,corrected-archive-csv
162860,Luleå-Kallax Flygplats,8,Snödjup,"momentanvärde, 1 gång/dygn, kl 06",meter,1967-05-12T06:00:00Z,1967-05-12T07:00:00+01:00,-83354400000,,0.00,0.00,Y,,corrected-archive-csv
162860,Luleå-Kallax Flygplats,8,Snödjup,"momentanvärde, 1 gång/dygn, kl 06",meter,1967-05-13T06:00:00Z,1967-05-13T07:00:00+01:00,-83268000000,,0.00,0.00,Y,,corrected-archive-csv
162860,Luleå-Kallax Flygplats,8,Snödjup,"momentanvärde, 1 gång/dygn, kl 06",meter,1967-05-14T06:00:00Z,1967-05-14T07:00:00+01:00,-83181600000,,0.00,0.00,Y,,corrected-archive-csv
162860,Luleå-Kallax Flygplats,8,Snödjup,"momentanvärde, 1 gång/dygn, kl 06",meter,1967-05-15T06:00:00Z,1967-05-15T07:00:00+01:00,-83095200000,,0.00,0.00,Y,,corrected-archive-csv
162860,Luleå-Kallax Flygplats,8,Snödjup,"momentanvärde, 1 gång/dygn, kl 06",meter,1967-05-16T06:00:00Z,1967-05-16T07:00:00+01:00,-83008800000,,0.00,0.00,Y,,corrected-archive-csv
162860,Luleå-Kallax Flygplats,8,Snödjup,"momentanvärde, 1 gång/dygn, kl 06",meter,1967-05-17T06:00:00Z,1967-05-17T07:00:00+01:00,-82922400000,,0.00,0.00,Y,,corrected-archive-csv
162860,Luleå-Kallax Flygplats,8,Snödjup,"momentanvärde, 1 gång/dygn, kl 06",meter,1967-05-18T06:00:00Z,1967-05-18T07:00:00+01:00,-82836000000,,0.00,0.00,Y,,corrected-archive-csv
162860,Luleå-Kallax Flygplats,8,Snödjup,"momentanvärde, 1 gång/dygn, kl 06",meter,1967-05-19T06:00:00Z,1967-05-19T07:00:00+01:00,-82749600000,,0.00,0.00,Y,,corrected-archive-csv
162860,Luleå-Kallax Flygplats,8,Snödjup,"momentanvärde, 1 gång/dygn, kl 06",meter,1967-05-20T06:00:00Z,1967-05-20T07:00:00+01:00,-82663200000,,0.00,0.00,Y,,corrected-archive-csv
162860,Luleå-Kallax Flygplats,8,Snödjup,"momentanvärde, 1 gång/dygn, kl 06",meter,1967-05-21T06:00:00Z,1967-05-21T07:00:00+01:00,-82576800000,,0.00,0.00,Y,,corrected-archive-csv
162860,Luleå-Kallax Flygplats,8,Snödjup,"momentanvärde, 1 gång/dygn, kl 06",meter,1967-05-22T06:00:00Z,1967-05-22T07:00:00+01:00,-82490400000,,0.00,0.00,Y,,corrected-archive-csv
162860,Luleå-Kallax Flygplats,8,Snödjup,"momentanvärde, 1 gång/dygn, kl 06",meter,1967-05-23T06:00:00Z,1967-05-23T07:00:00+01:00,-82404000000,,0.00,0.00,Y,,corrected-archive-csv
162860,Luleå-Kallax Flygplats,8,Snödjup,"momentanvärde, 1 gång/dygn, kl 06",meter,1967-05-24T06:00:00Z,1967-05-24T07:00:00+01:00,-82317600000,,0.00,0.00,Y,,corrected-archive-csv
162860,Luleå-Kallax Flygplats,8,Snödjup,"momentanvärde, 1 gång/dygn, kl 06",meter,1967-05-25T06:00:00Z,1967-05-25T07:00:00+01:00,-82231200000,,0.00,0.00,Y,,corrected-archive-csv
162860,Luleå-Kallax Flygplats,8,Snödjup,"momentanvärde, 1 gång/dygn, kl 06",meter,1967-05-26T06:00:00Z,1967-05-26T07:00:00+01:00,-82144800000,,0.00,0.00,Y,,corrected-archive-csv
162860,Luleå-Kallax Flygplats,8,Snödjup,"momentanvärde, 1 gång/dygn, kl 06",meter,1967-05-27T06:00:00Z,1967-05-27T07:00:00+01:00,-82058400000,,0.00,0.00,Y,,corrected-archive-csv
162860,Luleå-Kallax Flygplats,8,Snödjup,"momentanvärde, 1 gång/dygn, kl 06",meter,1967-05-28T06:00:00Z,1967-05-28T07:00:00+01:00,-81972000000,,0.00,0.00,Y,,corrected-archive-csv
162860,Luleå-Kallax Flygplats,8,Snödjup,"momentanvärde, 1 gång/dygn, kl 06",meter,1967-05-29T06:00:00Z,1967-05-29T07:00:00+01:00,-81885600000,,0.00,0.00,Y,,corrected-archive-csv
162860,Luleå-Kallax Flygplats,8,Snödjup,"momentanvärde, 1 gång/dygn, kl 06",meter,1967-05-30T06:00:00Z,1967-05-30T07:00:00+01:00,-81799200000,,0.00,0.00,Y,,corrected-archive-csv
162860,Luleå-Kallax Flygplats,8,Snödjup,"momentanvärde, 1 gång/dygn, kl 06",meter,1967-05-31T06:00:00Z,1967-05-31T07:00:00+01:00,-81712800000,,0.00,0.00,Y,,corrected-archive-csv
162860,Luleå-Kallax Flygplats,8,Snödjup,"momentanvärde, 1 gång/dygn, kl 06",meter,1967-06-01T06:00:00Z,1967-06-01T07:00:00+01:00,-81626400000,,0.00,0.00,Y,,corrected-archive-csv
162860,Luleå-Kallax Flygplats,8,Snödjup,"momentanvärde, 1 gång/dygn, kl 06",meter,1967-06-03T06:00:00Z,1967-06-03T07:00:00+01:00,-81453600000,,0.00,0.00,Y,,corrected-archive-csv
162860,Luleå-Kallax Flygplats,8,Snödjup,"momentanvärde, 1 gång/dygn, kl 06",meter,1967-06-05T06:00:00Z,1967-06-05T07:00:00+01:00,-81280800000,,0.00,0.00,Y,,corrected-archive-csv
162860,Luleå-Kallax Flygplats,8,Snödjup,"momentanvärde, 1 gång/dygn, kl 06",meter,1967-06-06T06:00:00Z,1967-06-06T07:00:00+01:00,-81194400000,,0.00,0.00,Y,,corrected-archive-csv
162860,Luleå-Kallax Flygplats,8,Snödjup,"momentanvärde, 1 gång/dygn, kl 06",meter,1967-06-07T06:00:00Z,1967-06-07T07:00:00+01:00,-81108000000,,0.00,0.00,Y,,corrected-archive-csv
162860,Luleå-Kallax Flygplats,8,Snödjup,"momentanvärde, 1 gång/dygn, kl 06",meter,1967-06-08T06:00:00Z,1967-06-08T07:00:00+01:00,-81021600000,,0.00,0.00,Y,,corrected-archive-csv
162860,Luleå-Kallax Flygplats,8,Snödjup,"momentanvärde, 1 gång/dygn, kl 06",meter,1967-06-09T06:00:00Z,1967-06-09T07:00:00+01:00,-80935200000,,0.00,0.00,Y,,corrected-archive-csv
162860,Luleå-Kallax Flygplats,8,Snödjup,"momentanvärde, 1 gång/dygn, kl 06",meter,1967-06-10T06:00:00Z,1967-06-10T07:00:00+01:00,-80848800000,,0.00,0.00,Y,,corrected-archive-csv
162860,Luleå-Kallax Flygplats,8,Snödjup,"momentanvärde, 1 gång/dygn, kl 06",meter,1967-06-11T06:00:00Z,1967-06-11T07:00:00+01:00,-80762400000,,0.00,0.00,Y,,corrected-archive-csv
162860,Luleå-Kallax Flygplats,8,Snödjup,"momentanvärde, 1 gång/dygn, kl 06",meter,1967-06-12T06:00:00Z,1967-06-12T07:00:00+01:00,-80676000000,,0.00,0.00,Y,,corrected-archive-csv
162860,Luleå-Kallax Flygplats,8,Snödjup,"momentanvärde, 1 gång/dygn, kl 06",meter,1967-06-13T06:00:00Z,1967-06-13T07:00:00+01:00,-80589600000,,0.00,0.00,Y,,corrected-archive-csv
162860,Luleå-Kallax Flygplats,8,Snödjup,"momentanvärde, 1 gång/dygn, kl 06",meter,1967-06-14T06:00:00Z,1967-06-14T07:00:00+01:00,-80503200000,,0.00,0.00,Y,,corrected-archive-csv
162860,Luleå-Kallax Flygplats,8,Snödjup,"momentanvärde, 1 gång/dygn, kl 06",meter,1967-06-15T06:00:00Z,1967-06-15T07:00:00+01:00,-80416800000,,0.00,0.00,Y,,corrected-archive-csv
162860,Luleå-Kallax Flygplats,8,Snödjup,"momentanvärde, 1 gång/dygn, kl 06",meter,1967-06-16T06:00:00Z,1967-06-16T07:00:00+01:00,-80330400000,,0.00,0.00,Y,,corrected-archive-csv
162860,Luleå-Kallax Flygplats,8,Snödjup,"momentanvärde, 1 gång/dygn, kl 06",meter,1967-06-17T06:00:00Z,1967-06-17T07:00:00+01:00,-80244000000,,0.00,0.00,Y,,corrected-archive-csv
162860,Luleå-Kallax Flygplats,8,Snödjup,"momentanvärde, 1 gång/dygn, kl 06",meter,1967-06-18T06:00:00Z,1967-06-18T07:00:00+01:00,-80157600000,,0.00,0.00,Y,,corrected-archive-csv
162860,Luleå-Kallax Flygplats,8,Snödjup,"momentanvärde, 1 gång/dygn, kl 06",meter,1967-06-19T06:00:00Z,1967-06-19T07:00:00+01:00,-80071200000,,0.00,0.00,Y,,corrected-archive-csv
162860,Luleå-Kallax Flygplats,8,Snödjup,"momentanvärde, 1 gång/dygn, kl 06",meter,1967-06-21T06:00:00Z,1967-06-21T07:00:00+01:00,-79898400000,,0.00,0.00,Y,,corrected-archive-csv
162860,Luleå-Kallax Flygplats,8,Snödjup,"momentanvärde, 1 gång/dygn, kl 06",meter,1967-06-22T06:00:00Z,1967-06-22T07:00:00+01:00,-79812000000,,0.00,0.00,Y,,corrected-archive-csv
162860,Luleå-Kallax Flygplats,8,Snödjup,"momentanvärde, 1 gång/dygn, kl 06",meter,1967-06-23T06:00:00Z,1967-06-23T07:00:00+01:00,-79725600000,,0.00,0.00,Y,,corrected-archive-csv
162860,Luleå-Kallax Flygplats,8,Snödjup,"momentanvärde, 1 gång/dygn, kl 06",meter,1967-06-24T06:00:00Z,1967-06-24T07:00:00+01:00,-79639200000,,0.00,0.00,Y,,corrected-archive-csv
162860,Luleå-Kallax Flygplats,8,Snödjup,"momentanvärde, 1 gång/dygn, kl 06",meter,1967-06-25T06:00:00Z,1967-06-25T07:00:00+01:00,-79552800000,,0.00,0.00,Y,,corrected-archive-csv
162860,Luleå-Kallax Flygplats,8,Snödjup,"momentanvärde, 1 gång/dygn, kl 06",meter,1967-06-26T06:00:00Z,1967-06-26T07:00:00+01:00,-79466400000,,0.00,0.00,Y,,corrected-archive-csv
162860,Luleå-Kallax Flygplats,8,Snödjup,"momentanvärde, 1 gång/dygn, kl 06",meter,1967-06-27T06:00:00Z,1967-06-27T07:00:00+01:00,-79380000000,,0.00,0.00,Y,,corrected-archive-csv
162860,Luleå-Kallax Flygplats,8,Snödjup,"momentanvärde, 1 gång/dygn, kl 06",meter,1967-06-28T06:00:00Z,1967-06-28T07:00:00+01:00,-79293600000,,0.00,0.00,Y,,corrected-archive-csv
162860,Luleå-Kallax Flygplats,8,Snödjup,"momentanvärde, 1 gång/dygn, kl 06",meter,1967-06-29T06:00:00Z,1967-06-29T07:00:00+01:00,-79207200000,,0.00,0.00,Y,,corrected-archive-csv
162860,Luleå-Kallax Flygplats,8,Snödjup,"momentanvärde, 1 gång/dygn, kl 06",meter,1967-06-30T06:00:00Z,1967-06-30T07:00:00+01:00,-79120800000,,0.00,0.00,Y,,corrected-archive-csv
162860,Luleå-Kallax Flygplats,8,Snödjup,"momentanvärde, 1 gång/dygn, kl 06",meter,1967-07-01T06:00:00Z,1967-07-01T07:00:00+01:00,-79034400000,,0.00,0.00,Y,,corrected-archive-csv
162860,Luleå-Kallax Flygplats,8,Snödjup,"momentanvärde, 1 gång/dygn, kl 06",meter,1967-07-02T06:00:00Z,1967-07-02T07:00:00+01:00,-78948000000,,0.00,0.00,Y,,corrected-archive-csv
162860,Luleå-Kallax Flygplats,8,Snödjup,"momentanvärde, 1 gång/dygn, kl 06",meter,1967-07-03T06:00:00Z,1967-07-03T07:00:00+01:00,-78861600000,,0.00,0.00,Y,,corrected-archive-csv
162860,Luleå-Kallax Flygplats,8,Snödjup,"momentanvärde, 1 gång/dygn, kl 06",meter,1967-07-04T06:00:00Z,1967-07-04T07:00:00+01:00,-78775200000,,0.00,0.00,Y,,corrected-archive-csv
162860,Luleå-Kallax Flygplats,8,Snödjup,"momentanvärde, 1 gång/dygn, kl 06",meter,1967-07-06T06:00:00Z,1967-07-06T07:00:00+01:00,-78602400000,,0.00,0.00,Y,,corrected-archive-csv
162860,Luleå-Kallax Flygplats,8,Snödjup,"momentanvärde, 1 gång/dygn, kl 06",meter,1967-07-07T06:00:00Z,1967-07-07T07:00:00+01:00,-78516000000,,0.00,0.00,Y,,corrected-archive-csv
162860,Luleå-Kallax Flygplats,8,Snödjup,"momentanvärde, 1 gång/dygn, kl 06",meter,1967-07-08T06:00:00Z,1967-07-08T07:00:00+01:00,-78429600000,,0.00,0.00,Y,,corrected-archive-csv
162860,Luleå-Kallax Flygplats,8,Snödjup,"momentanvärde, 1 gång/dygn, kl 06",meter,1967-07-09T06:00:00Z,1967-07-09T07:00:00+01:00,-78343200000,,0.00,0.00,Y,,corrected-archive-csv
162860,Luleå-Kallax Flygplats,8,Snödjup,"momentanvärde, 1 gång/dygn, kl 06",meter,1967-07-10T06:00:00Z,1967-07-10T07:00:00+01:00,-78256800000,,0.00,0.00,Y,,corrected-archive-csv
162860,Luleå-Kallax Flygplats,8,Snödjup,"momentanvärde, 1 gång/dygn, kl 06",meter,1967-07-11T06:00:00Z,1967-07-11T07:00:00+01:00,-78170400000,,0.00,0.00,Y,,corrected-archive-csv
162860,Luleå-Kallax Flygplats,8,Snödjup,"momentanvärde, 1 gång/dygn, kl 06",meter,1967-07-12T06:00:00Z,1967-07-12T07:00:00+01:00,-78084000000,,0.00,0.00,Y,,corrected-archive-csv
162860,Luleå-Kallax Flygplats,8,Snödjup,"momentanvärde, 1 gång/dygn, kl 06",meter,1967-07-13T06:00:00Z,1967-07-13T07:00:00+01:00,-77997600000,,0.00,0.00,Y,,corrected-archive-csv
162860,Luleå-Kallax Flygplats,8,Snödjup,"momentanvärde, 1 gång/dygn, kl 06",meter,1967-07-14T06:00:00Z,1967-07-14T07:00:00+01:00,-77911200000,,0.00,0.00,Y,,corrected-archive-csv
162860,Luleå-Kallax Flygplats,8,Snödjup,"momentanvärde, 1 gång/dygn, kl 06",meter,1967-07-15T06:00:00Z,1967-07-15T07:00:00+01:00,-77824800000,,0.00,0.00,Y,,corrected-archive-csv
162860,Luleå-Kallax Flygplats,8,Snödjup,"momentanvärde, 1 gång/dygn, kl 06",meter,1967-07-16T06:00:00Z,1967-07-16T07:00:00+01:00,-77738400000,,0.00,0.00,Y,,corrected-archive-csv
162860,Luleå-Kallax Flygplats,8,Snödjup,"momentanvärde, 1 gång/dygn, kl 06",meter,1967-07-17T06:00:00Z,1967-07-17T07:00:00+01:00,-77652000000,,0.00,0.00,Y,,corrected-archive-csv
162860,Luleå-Kallax Flygplats,8,Snödjup,"momentanvärde, 1 gång/dygn, kl 06",meter,1967-07-18T06:00:00Z,1967-07-18T07:00:00+01:00,-77565600000,,0.00,0.00,Y,,corrected-archive-csv
162860,Luleå-Kallax Flygplats,8,Snödjup,"momentanvärde, 1 gång/dygn, kl 06",meter,1967-07-19T06:00:00Z,1967-07-19T07:00:00+01:00,-77479200000,,0.00,0.00,Y,,corrected-archive-csv
162860,Luleå-Kallax Flygplats,8,Snödjup,"momentanvärde, 1 gång/dygn, kl 06",meter,1967-07-20T06:00:00Z,1967-07-20T07:00:00+01:00,-77392800000,,0.00,0.00,Y,,corrected-archive-csv
162860,Luleå-Kallax Flygplats,8,Snödjup,"momentanvärde, 1 gång/dygn, kl 06",meter,1967-07-21T06:00:00Z,1967-07-21T07:00:00+01:00,-77306400000,,0.00,0.00,Y,,corrected-archive-csv
162860,Luleå-Kallax Flygplats,8,Snödjup,"momentanvärde, 1 gång/dygn, kl 06",meter,1967-07-22T06:00:00Z,1967-07-22T07:00:00+01:00,-77220000000,,0.00,0.00,Y,,corrected-archive-csv
162860,Luleå-Kallax Flygplats,8,Snödjup,"momentanvärde, 1 gång/dygn, kl 06",meter,1967-07-23T06:00:00Z,1967-07-23T07:00:00+01:00,-77133600000,,0.00,0.00,Y,,corrected-archive-csv
162860,Luleå-Kallax Flygplats,8,Snödjup,"momentanvärde, 1 gång/dygn, kl 06",meter,1967-07-24T06:00:00Z,1967-07-24T07:00:00+01:00,-77047200000,,0.00,0.00,Y,,corrected-archive-csv
162860,Luleå-Kallax Flygplats,8,Snödjup,"momentanvärde, 1 gång/dygn, kl 06",meter,1967-07-25T06:00:00Z,1967-07-25T07:00:00+01:00,-76960800000,,0.00,0.00,Y,,corrected-archive-csv
162860,Luleå-Kallax Flygplats,8,Snödjup,"momentanvärde, 1 gång/dygn, kl 06",meter,1967-07-26T06:00:00Z,1967-07-26T07:00:00+01:00,-76874400000,,0.00,0.00,Y,,corrected-archive-csv
162860,Luleå-Kallax Flygplats,8,Snödjup,"momentanvärde, 1 gång/dygn, kl 06",meter,1967-07-27T06:00:00Z,1967-07-27T07:00:00+01:00,-76788000000,,0.00,0.00,Y,,corrected-archive-csv
162860,Luleå-Kallax Flygplats,8,Snödjup,"momentanvärde, 1 gång/dygn, kl 06",meter,1967-07-28T06:00:00Z,1967-07-28T07:00:00+01:00,-76701600000,,0.00,0.00,Y,,corrected-archive-csv
162860,Luleå-Kallax Flygplats,8,Snödjup,"momentanvärde, 1 gång/dygn, kl 06",meter,1967-07-29T06:00:00Z,1967-07-29T07:00:00+01:00,-76615200000,,0.00,0.00,Y,,corrected-archive-csv
162860,Luleå-Kallax Flygplats,8,Snödjup,"momentanvärde, 1 gång/dygn, kl 06",meter,1967-07-30T06:00:00Z,1967-07-30T07:00:00+01:00,-76528800000,,0.00,0.00,Y,,corrected-archive-csv
162860,Luleå-Kallax Flygplats,8,Snödjup,"momentanvärde, 1 gång/dygn, kl 06",meter,1967-07-31T06:00:00Z,1967-07-31T07:00:00+01:00,-76442400000,,0.00,0.00,Y,,corrected-archive-csv
162860,Luleå-Kallax Flygplats,8,Snödjup,"momentanvärde, 1 gång/dygn, kl 06",meter,1967-08-01T06:00:00Z,1967-08-01T07:00:00+01:00,-76356000000,,0.00,0.00,Y,,corrected-archive-csv
162860,Luleå-Kallax Flygplats,8,Snödjup,"momentanvärde, 1 gång/dygn, kl 06",meter,1967-08-02T06:00:00Z,1967-08-02T07:00:00+01:00,-76269600000,,0.00,0.00,Y,,corrected-archive-csv
162860,Luleå-Kallax Flygplats,8,Snödjup,"momentanvärde, 1 gång/dygn, kl 06",meter,1967-08-03T06:00:00Z,1967-08-03T07:00:00+01:00,-76183200000,,0.00,0.00,Y,,corrected-archive-csv
162860,Luleå-Kallax Flygplats,8,Snödjup,"momentanvärde, 1 gång/dygn, kl 06",meter,1967-08-04T06:00:00Z,1967-08-04T07:00:00+01:00,-76096800000,,0.00,0.00,Y,,corrected-archive-csv
162860,Luleå-Kallax Flygplats,8,Snödjup,"momentanvärde, 1 gång/dygn, kl 06",meter,1967-08-05T06:00:00Z,1967-08-05T07:00:00+01:00,-76010400000,,0.00,0.00,Y,,corrected-archive-csv
162860,Luleå-Kallax Flygplats,8,Snödjup,"momentanvärde, 1 gång/dygn, kl 06",meter,1967-08-06T06:00:00Z,1967-08-06T07:00:00+01:00,-75924000000,,0.00,0.00,Y,,corrected-archive-csv
162860,Luleå-Kallax Flygplats,8,Snödjup,"momentanvärde, 1 gång/dygn, kl 06",meter,1967-08-07T06:00:00Z,1967-08-07T07:00:00+01:00,-75837600000,,0.00,0.00,Y,,corrected-archive-csv
162860,Luleå-Kallax Flygplats,8,Snödjup,"momentanvärde, 1 gång/dygn, kl 06",meter,1967-08-08T06:00:00Z,1967-08-08T07:00:00+01:00,-75751200000,,0.00,0.00,Y,,corrected-archive-csv
162860,Luleå-Kallax Flygplats,8,Snödjup,"momentanvärde, 1 gång/dygn, kl 06",meter,1967-08-09T06:00:00Z,1967-08-09T07:00:00+01:00,-75664800000,,0.00,0.00,Y,,corrected-archive-csv
162860,Luleå-Kallax Flygplats,8,Snödjup,"momentanvärde, 1 gång/dygn, kl 06",meter,1967-08-10T06:00:00Z,1967-08-10T07:00:00+01:00,-75578400000,,0.00,0.00,Y,,corrected-archive-csv
162860,Luleå-Kallax Flygplats,8,Snödjup,"momentanvärde, 1 gång/dygn, kl 06",meter,1967-08-11T06:00:00Z,1967-08-11T07:00:00+01:00,-75492000000,,0.00,0.00,Y,,corrected-archive-csv
162860,Luleå-Kallax Flygplats,8,Snödjup,"momentanvärde, 1 gång/dygn, kl 06",meter,1967-08-12T06:00:00Z,1967-08-12T07:00:00+01:00,-75405600000,,0.00,0.00,Y,,corrected-archive-csv
162860,Luleå-Kallax Flygplats,8,Snödjup,"momentanvärde, 1 gång/dygn, kl 06",meter,1967-08-13T06:00:00Z,1967-08-13T07:00:00+01:00,-75319200000,,0.00,0.00,Y,,corrected-archive-csv
162860,Luleå-Kallax Flygplats,8,Snödjup,"momentanvärde, 1 gång/dygn, kl 06",meter,1967-08-14T06:00:00Z,1967-08-14T07:00:00+01:00,-75232800000,,0.00,0.00,Y,,corrected-archive-csv
162860,Luleå-Kallax Flygplats,8,Snödjup,"momentanvärde, 1 gång/dygn, kl 06",meter,1967-08-15T06:00:00Z,1967-08-15T07:00:00+01:00,-75146400000,,0.00,0.00,Y,,corrected-archive-csv
162860,Luleå-Kallax Flygplats,8,Snödjup,"momentanvärde, 1 gång/dygn, kl 06",meter,1967-08-16T06:00:00Z,1967-08-16T07:00:00+01:00,-75060000000,,0.00,0.00,Y,,corrected-archive-csv
162860,Luleå-Kallax Flygplats,8,Snödjup,"momentanvärde, 1 gång/dygn, kl 06",meter,1967-08-17T06:00:00Z,1967-08-17T07:00:00+01:00,-74973600000,,0.00,0.00,Y,,corrected-archive-csv
162860,Luleå-Kallax Flygplats,8,Snödjup,"momentanvärde, 1 gång/dygn, kl 06",meter,1967-08-18T06:00:00Z,1967-08-18T07:00:00+01:00,-74887200000,,0.00,0.00,Y,,corrected-archive-csv
162860,Luleå-Kallax Flygplats,8,Snödjup,"momentanvärde, 1 gång/dygn, kl 06",meter,1967-08-19T06:00:00Z,1967-08-19T07:00:00+01:00,-74800800000,,0.00,0.00,Y,,corrected-archive-csv
162860,Luleå-Kallax Flygplats,8,Snödjup,"momentanvärde, 1 gång/dygn, kl 06",meter,1967-08-20T06:00:00Z,1967-08-20T07:00:00+01:00,-74714400000,,0.00,0.00,Y,,corrected-archive-csv
162860,Luleå-Kallax Flygplats,8,Snödjup,"momentanvärde, 1 gång/dygn, kl 06",meter,1967-08-21T06:00:00Z,1967-08-21T07:00:00+01:00,-74628000000,,0.00,0.00,Y,,corrected-archive-csv
162860,Luleå-Kallax Flygplats,8,Snödjup,"momentanvärde, 1 gång/dygn, kl 06",meter,1967-08-22T06:00:00Z,1967-08-22T07:00:00+01:00,-74541600000,,0.00,0.00,Y,,corrected-archive-csv
162860,Luleå-Kallax Flygplats,8,Snödjup,"momentanvärde, 1 gång/dygn, kl 06",meter,1967-08-23T06:00:00Z,1967-08-23T07:00:00+01:00,-74455200000,,0.00,0.00,Y,,corrected-archive-csv
162860,Luleå-Kallax Flygplats,8,Snödjup,"momentanvärde, 1 gång/dygn, kl 06",meter,1967-08-24T06:00:00Z,1967-08-24T07:00:00+01:00,-74368800000,,0.00,0.00,Y,,corrected-archive-csv
162860,Luleå-Kallax Flygplats,8,Snödjup,"momentanvärde, 1 gång/dygn, kl 06",meter,1967-08-25T06:00:00Z,1967-08-25T07:00:00+01:00,-74282400000,,0.00,0.00,Y,,corrected-archive-csv
162860,Luleå-Kallax Flygplats,8,Snödjup,"momentanvärde, 1 gång/dygn, kl 06",meter,1967-08-26T06:00:00Z,1967-08-26T07:00:00+01:00,-74196000000,,0.00,0.00,Y,,corrected-archive-csv
162860,Luleå-Kallax Flygplats,8,Snödjup,"momentanvärde, 1 gång/dygn, kl 06",meter,1967-08-27T06:00:00Z,1967-08-27T07:00:00+01:00,-74109600000,,0.00,0.00,Y,,corrected-archive-csv
162860,Luleå-Kallax Flygplats,8,Snödjup,"momentanvärde, 1 gång/dygn, kl 06",meter,1967-08-28T06:00:00Z,1967-08-28T07:00:00+01:00,-74023200000,,0.00,0.00,Y,,corrected-archive-csv
162860,Luleå-Kallax Flygplats,8,Snödjup,"momentanvärde, 1 gång/dygn, kl 06",meter,1967-08-29T06:00:00Z,1967-08-29T07:00:00+01:00,-73936800000,,0.00,0.00,Y,,corrected-archive-csv
162860,Luleå-Kallax Flygplats,8,Snödjup,"momentanvärde, 1 gång/dygn, kl 06",meter,1967-08-30T06:00:00Z,1967-08-30T07:00:00+01:00,-73850400000,,0.00,0.00,Y,,corrected-archive-csv
162860,Luleå-Kallax Flygplats,8,Snödjup,"momentanvärde, 1 gång/dygn, kl 06",meter,1967-08-31T06:00:00Z,1967-08-31T07:00:00+01:00,-73764000000,,0.00,0.00,Y,,corrected-archive-csv
162860,Luleå-Kallax Flygplats,8,Snödjup,"momentanvärde, 1 gång/dygn, kl 06",meter,1967-09-01T06:00:00Z,1967-09-01T07:00:00+01:00,-73677600000,,0.00,0.00,Y,,corrected-archive-csv
162860,Luleå-Kallax Flygplats,8,Snödjup,"momentanvärde, 1 gång/dygn, kl 06",meter,1967-09-02T06:00:00Z,1967-09-02T07:00:00+01:00,-73591200000,,0.00,0.00,Y,,corrected-archive-csv
162860,Luleå-Kallax Flygplats,8,Snödjup,"momentanvärde, 1 gång/dygn, kl 06",meter,1967-09-03T06:00:00Z,1967-09-03T07:00:00+01:00,-73504800000,,0.00,0.00,Y,,corrected-archive-csv
162860,Luleå-Kallax Flygplats,8,Snödjup,"momentanvärde, 1 gång/dygn, kl 06",meter,1967-09-04T06:00:00Z,1967-09-04T07:00:00+01:00,-73418400000,,0.00,0.00,Y,,corrected-archive-csv
162860,Luleå-Kallax Flygplats,8,Snödjup,"momentanvärde, 1 gång/dygn, kl 06",meter,1967-09-05T06:00:00Z,1967-09-05T07:00:00+01:00,-73332000000,,0.00,0.00,Y,,corrected-archive-csv
162860,Luleå-Kallax Flygplats,8,Snödjup,"momentanvärde, 1 gång/dygn, kl 06",meter,1967-09-06T06:00:00Z,1967-09-06T07:00:00+01:00,-73245600000,,0.00,0.00,Y,,corrected-archive-csv
162860,Luleå-Kallax Flygplats,8,Snödjup,"momentanvärde, 1 gång/dygn, kl 06",meter,1967-09-07T06:00:00Z,1967-09-07T07:00:00+01:00,-73159200000,,0.00,0.00,Y,,corrected-archive-csv
162860,Luleå-Kallax Flygplats,8,Snödjup,"momentanvärde, 1 gång/dygn, kl 06",meter,1967-09-08T06:00:00Z,1967-09-08T07:00:00+01:00,-73072800000,,0.00,0.00,Y,,corrected-archive-csv
162860,Luleå-Kallax Flygplats,8,Snödjup,"momentanvärde, 1 gång/dygn, kl 06",meter,1967-09-09T06:00:00Z,1967-09-09T07:00:00+01:00,-72986400000,,0.00,0.00,Y,,corrected-archive-csv
162860,Luleå-Kallax Flygplats,8,Snödjup,"momentanvärde, 1 gång/dygn, kl 06",meter,1967-09-11T06:00:00Z,1967-09-11T07:00:00+01:00,-72813600000,,0.00,0.00,Y,,corrected-archive-csv
162860,Luleå-Kallax Flygplats,8,Snödjup,"momentanvärde, 1 gång/dygn, kl 06",meter,1967-09-12T06:00:00Z,1967-09-12T07:00:00+01:00,-72727200000,,0.00,0.00,Y,,corrected-archive-csv
162860,Luleå-Kallax Flygplats,8,Snödjup,"momentanvärde, 1 gång/dygn, kl 06",meter,1967-09-13T06:00:00Z,1967-09-13T07:00:00+01:00,-72640800000,,0.00,0.00,Y,,corrected-archive-csv
162860,Luleå-Kallax Flygplats,8,Snödjup,"momentanvärde, 1 gång/dygn, kl 06",meter,1967-09-14T06:00:00Z,1967-09-14T07:00:00+01:00,-72554400000,,0.00,0.00,Y,,corrected-archive-csv
162860,Luleå-Kallax Flygplats,8,Snödjup,"momentanvärde, 1 gång/dygn, kl 06",meter,1967-09-15T06:00:00Z,1967-09-15T07:00:00+01:00,-72468000000,,0.00,0.00,Y,,corrected-archive-csv
162860,Luleå-Kallax Flygplats,8,Snödjup,"momentanvärde, 1 gång/dygn, kl 06",meter,1967-09-16T06:00:00Z,1967-09-16T07:00:00+01:00,-72381600000,,0.00,0.00,Y,,corrected-archive-csv
162860,Luleå-Kallax Flygplats,8,Snödjup,"momentanvärde, 1 gång/dygn, kl 06",meter,1967-09-17T06:00:00Z,1967-09-17T07:00:00+01:00,-72295200000,,0.00,0.00,Y,,corrected-archive-csv
162860,Luleå-Kallax Flygplats,8,Snödjup,"momentanvärde, 1 gång/dygn, kl 06",meter,1967-09-18T06:00:00Z,1967-09-18T07:00:00+01:00,-72208800000,,0.00,0.00,Y,,corrected-archive-csv
162860,Luleå-Kallax Flygplats,8,Snödjup,"momentanvärde, 1 gång/dygn, kl 06",meter,1967-09-19T06:00:00Z,1967-09-19T07:00:00+01:00,-72122400000,,0.00,0.00,Y,,corrected-archive-csv
162860,Luleå-Kallax Flygplats,8,Snödjup,"momentanvärde, 1 gång/dygn, kl 06",meter,1967-09-20T06:00:00Z,1967-09-20T07:00:00+01:00,-72036000000,,0.00,0.00,Y,,corrected-archive-csv
162860,Luleå-Kallax Flygplats,8,Snödjup,"momentanvärde, 1 gång/dygn, kl 06",meter,1967-09-21T06:00:00Z,1967-09-21T07:00:00+01:00,-71949600000,,0.00,0.00,Y,,corrected-archive-csv
162860,Luleå-Kallax Flygplats,8,Snödjup,"momentanvärde, 1 gång/dygn, kl 06",meter,1967-09-22T06:00:00Z,1967-09-22T07:00:00+01:00,-71863200000,,0.00,0.00,Y,,corrected-archive-csv
162860,Luleå-Kallax Flygplats,8,Snödjup,"momentanvärde, 1 gång/dygn, kl 06",meter,1967-09-23T06:00:00Z,1967-09-23T07:00:00+01:00,-71776800000,,0.00,0.00,Y,,corrected-archive-csv
162860,Luleå-Kallax Flygplats,8,Snödjup,"momentanvärde, 1 gång/dygn, kl 06",meter,1967-09-24T06:00:00Z,1967-09-24T07:00:00+01:00,-71690400000,,0.00,0.00,Y,,corrected-archive-csv
162860,Luleå-Kallax Flygplats,8,Snödjup,"momentanvärde, 1 gång/dygn, kl 06",meter,1967-09-25T06:00:00Z,1967-09-25T07:00:00+01:00,-71604000000,,0.00,0.00,Y,,corrected-archive-csv
162860,Luleå-Kallax Flygplats,8,Snödjup,"momentanvärde, 1 gång/dygn, kl 06",meter,1967-09-26T06:00:00Z,1967-09-26T07:00:00+01:00,-71517600000,,0.00,0.00,Y,,corrected-archive-csv
162860,Luleå-Kallax Flygplats,8,Snödjup,"momentanvärde, 1 gång/dygn, kl 06",meter,1967-09-27T06:00:00Z,1967-09-27T07:00:00+01:00,-71431200000,,0.00,0.00,Y,,corrected-archive-csv
162860,Luleå-Kallax Flygplats,8,Snödjup,"momentanvärde, 1 gång/dygn, kl 06",meter,1967-09-28T06:00:00Z,1967-09-28T07:00:00+01:00,-71344800000,,0.00,0.00,Y,,corrected-archive-csv
162860,Luleå-Kallax Flygplats,8,Snödjup,"momentanvärde, 1 gång/dygn, kl 06",meter,1967-09-29T06:00:00Z,1967-09-29T07:00:00+01:00,-71258400000,,0.00,0.00,Y,,corrected-archive-csv
162860,Luleå-Kallax Flygplats,8,Snödjup,"momentanvärde, 1 gång/dygn, kl 06",meter,1967-09-30T06:00:00Z,1967-09-30T07:00:00+01:00,-71172000000,,0.00,0.00,Y,,corrected-archive-csv
162860,Luleå-Kallax Flygplats,8,Snödjup,"momentanvärde, 1 gång/dygn, kl 06",meter,1967-10-01T06:00:00Z,1967-10-01T07:00:00+01:00,-71085600000,,0.00,0.00,Y,,corrected-archive-csv
162860,Luleå-Kallax Flygplats,8,Snödjup,"momentanvärde, 1 gång/dygn, kl 06",meter,1967-10-02T06:00:00Z,1967-10-02T07:00:00+01:00,-70999200000,,0.00,0.00,Y,,corrected-archive-csv
162860,Luleå-Kallax Flygplats,8,Snödjup,"momentanvärde, 1 gång/dygn, kl 06",meter,1967-10-03T06:00:00Z,1967-10-03T07:00:00+01:00,-70912800000,,0.00,0.00,Y,,corrected-archive-csv
162860,Luleå-Kallax Flygplats,8,Snödjup,"momentanvärde, 1 gång/dygn, kl 06",meter,1967-10-05T06:00:00Z,1967-10-05T07:00:00+01:00,-70740000000,,0.00,0.00,Y,,corrected-archive-csv
162860,Luleå-Kallax Flygplats,8,Snödjup,"momentanvärde, 1 gång/dygn, kl 06",meter,1967-10-06T06:00:00Z,1967-10-06T07:00:00+01:00,-70653600000,,0.00,0.00,Y,,corrected-archive-csv
162860,Luleå-Kallax Flygplats,8,Snödjup,"momentanvärde, 1 gång/dygn, kl 06",meter,1967-10-07T06:00:00Z,1967-10-07T07:00:00+01:00,-70567200000,,0.00,0.00,Y,,corrected-archive-csv
162860,Luleå-Kallax Flygplats,8,Snödjup,"momentanvärde, 1 gång/dygn, kl 06",meter,1967-10-09T06:00:00Z,1967-10-09T07:00:00+01:00,-70394400000,,0.00,0.00,Y,,corrected-archive-csv
162860,Luleå-Kallax Flygplats,8,Snödjup,"momentanvärde, 1 gång/dygn, kl 06",meter,1967-10-10T06:00:00Z,1967-10-10T07:00:00+01:00,-70308000000,,0.00,0.00,Y,,corrected-archive-csv
162860,Luleå-Kallax Flygplats,8,Snödjup,"momentanvärde, 1 gång/dygn, kl 06",meter,1967-10-11T06:00:00Z,1967-10-11T07:00:00+01:00,-70221600000,,0.00,0.00,Y,,corrected-archive-csv
162860,Luleå-Kallax Flygplats,8,Snödjup,"momentanvärde, 1 gång/dygn, kl 06",meter,1967-10-12T06:00:00Z,1967-10-12T07:00:00+01:00,-70135200000,,0.00,0.00,Y,,corrected-archive-csv
162860,Luleå-Kallax Flygplats,8,Snödjup,"momentanvärde, 1 gång/dygn, kl 06",meter,1967-10-13T06:00:00Z,1967-10-13T07:00:00+01:00,-70048800000,,0.00,0.00,Y,,corrected-archive-csv
162860,Luleå-Kallax Flygplats,8,Snödjup,"momentanvärde, 1 gång/dygn, kl 06",meter,1967-10-14T06:00:00Z,1967-10-14T07:00:00+01:00,-69962400000,,0.00,0.00,Y,,corrected-archive-csv
162860,Luleå-Kallax Flygplats,8,Snödjup,"momentanvärde, 1 gång/dygn, kl 06",meter,1967-10-15T06:00:00Z,1967-10-15T07:00:00+01:00,-69876000000,,0.00,0.00,Y,,corrected-archive-csv
162860,Luleå-Kallax Flygplats,8,Snödjup,"momentanvärde, 1 gång/dygn, kl 06",meter,1967-10-16T06:00:00Z,1967-10-16T07:00:00+01:00,-69789600000,,0.00,0.00,Y,,corrected-archive-csv
162860,Luleå-Kallax Flygplats,8,Snödjup,"momentanvärde, 1 gång/dygn, kl 06",meter,1967-10-17T06:00:00Z,1967-10-17T07:00:00+01:00,-69703200000,,0.00,0.00,Y,,corrected-archive-csv
162860,Luleå-Kallax Flygplats,8,Snödjup,"momentanvärde, 1 gång/dygn, kl 06",meter,1967-10-18T06:00:00Z,1967-10-18T07:00:00+01:00,-69616800000,,0.01,0.01,Y,,corrected-archive-csv
162860,Luleå-Kallax Flygplats,8,Snödjup,"momentanvärde, 1 gång/dygn, kl 06",meter,1967-10-19T06:00:00Z,1967-10-19T07:00:00+01:00,-69530400000,,0.01,0.01,Y,,corrected-archive-csv
162860,Luleå-Kallax Flygplats,8,Snödjup,"momentanvärde, 1 gång/dygn, kl 06",meter,1967-10-20T06:00:00Z,1967-10-20T07:00:00+01:00,-69444000000,,0.00,0.00,Y,,corrected-archive-csv
162860,Luleå-Kallax Flygplats,8,Snödjup,"momentanvärde, 1 gång/dygn, kl 06",meter,1967-10-21T06:00:00Z,1967-10-21T07:00:00+01:00,-69357600000,,0.00,0.00,Y,,corrected-archive-csv
162860,Luleå-Kallax Flygplats,8,Snödjup,"momentanvärde, 1 gång/dygn, kl 06",meter,1967-10-22T06:00:00Z,1967-10-22T07:00:00+01:00,-69271200000,,0.04,0.04,Y,,corrected-archive-csv
162860,Luleå-Kallax Flygplats,8,Snödjup,"momentanvärde, 1 gång/dygn, kl 06",meter,1967-10-23T06:00:00Z,1967-10-23T07:00:00+01:00,-69184800000,,0.10,0.10,Y,,corrected-archive-csv
162860,Luleå-Kallax Flygplats,8,Snödjup,"momentanvärde, 1 gång/dygn, kl 06",meter,1967-10-24T06:00:00Z,1967-10-24T07:00:00+01:00,-69098400000,,0.10,0.10,Y,,corrected-archive-csv
162860,Luleå-Kallax Flygplats,8,Snödjup,"momentanvärde, 1 gång/dygn, kl 06",meter,1967-10-25T06:00:00Z,1967-10-25T07:00:00+01:00,-69012000000,,0.22,0.22,Y,,corrected-archive-csv
162860,Luleå-Kallax Flygplats,8,Snödjup,"momentanvärde, 1 gång/dygn, kl 06",meter,1967-10-26T06:00:00Z,1967-10-26T07:00:00+01:00,-68925600000,,0.19,0.19,Y,,corrected-archive-csv
162860,Luleå-Kallax Flygplats,8,Snödjup,"momentanvärde, 1 gång/dygn, kl 06",meter,1967-10-27T06:00:00Z,1967-10-27T07:00:00+01:00,-68839200000,,0.00,0.00,Y,,corrected-archive-csv
162860,Luleå-Kallax Flygplats,8,Snödjup,"momentanvärde, 1 gång/dygn, kl 06",meter,1967-10-28T06:00:00Z,1967-10-28T07:00:00+01:00,-68752800000,,0.00,0.00,Y,,corrected-archive-csv
162860,Luleå-Kallax Flygplats,8,Snödjup,"momentanvärde, 1 gång/dygn, kl 06",meter,1967-10-29T06:00:00Z,1967-10-29T07:00:00+01:00,-68666400000,,0.00,0.00,Y,,corrected-archive-csv
162860,Luleå-Kallax Flygplats,8,Snödjup,"momentanvärde, 1 gång/dygn, kl 06",meter,1967-10-30T06:00:00Z,1967-10-30T07:00:00+01:00,-68580000000,,0.00,0.00,Y,,corrected-archive-csv
162860,Luleå-Kallax Flygplats,8,Snödjup,"momentanvärde, 1 gång/dygn, kl 06",meter,1967-10-31T06:00:00Z,1967-10-31T07:00:00+01:00,-68493600000,,0.00,0.00,Y,,corrected-archive-csv
162860,Luleå-Kallax Flygplats,8,Snödjup,"momentanvärde, 1 gång/dygn, kl 06",meter,1967-11-01T06:00:00Z,1967-11-01T07:00:00+01:00,-68407200000,,0.00,0.00,Y,,corrected-archive-csv
162860,Luleå-Kallax Flygplats,8,Snödjup,"momentanvärde, 1 gång/dygn, kl 06",meter,1967-11-02T06:00:00Z,1967-11-02T07:00:00+01:00,-68320800000,,0.00,0.00,Y,,corrected-archive-csv
162860,Luleå-Kallax Flygplats,8,Snödjup,"momentanvärde, 1 gång/dygn, kl 06",meter,1967-11-03T06:00:00Z,1967-11-03T07:00:00+01:00,-68234400000,,0.00,0.00,Y,,corrected-archive-csv
162860,Luleå-Kallax Flygplats,8,Snödjup,"momentanvärde, 1 gång/dygn, kl 06",meter,1967-11-04T06:00:00Z,1967-11-04T07:00:00+01:00,-68148000000,,0.00,0.00,Y,,corrected-archive-csv
162860,Luleå-Kallax Flygplats,8,Snödjup,"momentanvärde, 1 gång/dygn, kl 06",meter,1967-11-05T06:00:00Z,1967-11-05T07:00:00+01:00,-68061600000,,0.00,0.00,Y,,corrected-archive-csv
162860,Luleå-Kallax Flygplats,8,Snödjup,"momentanvärde, 1 gång/dygn, kl 06",meter,1967-11-07T06:00:00Z,1967-11-07T07:00:00+01:00,-67888800000,,0.00,0.00,Y,,corrected-archive-csv
162860,Luleå-Kallax Flygplats,8,Snödjup,"momentanvärde, 1 gång/dygn, kl 06",meter,1967-11-08T06:00:00Z,1967-11-08T07:00:00+01:00,-67802400000,,0.00,0.00,Y,,corrected-archive-csv
162860,Luleå-Kallax Flygplats,8,Snödjup,"momentanvärde, 1 gång/dygn, kl 06",meter,1967-11-09T06:00:00Z,1967-11-09T07:00:00+01:00,-67716000000,,0.00,0.00,Y,,corrected-archive-csv
162860,Luleå-Kallax Flygplats,8,Snödjup,"momentanvärde, 1 gång/dygn, kl 06",meter,1967-11-10T06:00:00Z,1967-11-10T07:00:00+01:00,-67629600000,,0.00,0.00,Y,,corrected-archive-csv
162860,Luleå-Kallax Flygplats,8,Snödjup,"momentanvärde, 1 gång/dygn, kl 06",meter,1967-11-11T06:00:00Z,1967-11-11T07:00:00+01:00,-67543200000,,0.00,0.00,Y,,corrected-archive-csv
162860,Luleå-Kallax Flygplats,8,Snödjup,"momentanvärde, 1 gång/dygn, kl 06",meter,1967-11-12T06:00:00Z,1967-11-12T07:00:00+01:00,-67456800000,,0.00,0.00,Y,,corrected-archive-csv
162860,Luleå-Kallax Flygplats,8,Snödjup,"momentanvärde, 1 gång/dygn, kl 06",meter,1967-11-13T06:00:00Z,1967-11-13T07:00:00+01:00,-67370400000,,0.00,0.00,Y,,corrected-archive-csv
162860,Luleå-Kallax Flygplats,8,Snödjup,"momentanvärde, 1 gång/dygn, kl 06",meter,1967-11-14T06:00:00Z,1967-11-14T07:00:00+01:00,-67284000000,,0.00,0.00,Y,,corrected-archive-csv
162860,Luleå-Kallax Flygplats,8,Snödjup,"momentanvärde, 1 gång/dygn, kl 06",meter,1967-11-15T06:00:00Z,1967-11-15T07:00:00+01:00,-67197600000,,0.00,0.00,Y,,corrected-archive-csv
162860,Luleå-Kallax Flygplats,8,Snödjup,"momentanvärde, 1 gång/dygn, kl 06",meter,1967-11-16T06:00:00Z,1967-11-16T07:00:00+01:00,-67111200000,,0.01,0.01,Y,,corrected-archive-csv
162860,Luleå-Kallax Flygplats,8,Snödjup,"momentanvärde, 1 gång/dygn, kl 06",meter,1967-11-17T06:00:00Z,1967-11-17T07:00:00+01:00,-67024800000,,0.01,0.01,Y,,corrected-archive-csv
162860,Luleå-Kallax Flygplats,8,Snödjup,"momentanvärde, 1 gång/dygn, kl 06",meter,1967-11-18T06:00:00Z,1967-11-18T07:00:00+01:00,-66938400000,,0.01,0.01,Y,,corrected-archive-csv
162860,Luleå-Kallax Flygplats,8,Snödjup,"momentanvärde, 1 gång/dygn, kl 06",meter,1967-11-19T06:00:00Z,1967-11-19T07:00:00+01:00,-66852000000,,0.01,0.01,Y,,corrected-archive-csv
162860,Luleå-Kallax Flygplats,8,Snödjup,"momentanvärde, 1 gång/dygn, kl 06",meter,1967-11-20T06:00:00Z,1967-11-20T07:00:00+01:00,-66765600000,,0.01,0.01,Y,,corrected-archive-csv
162860,Luleå-Kallax Flygplats,8,Snödjup,"momentanvärde, 1 gång/dygn, kl 06",meter,1967-11-21T06:00:00Z,1967-11-21T07:00:00+01:00,-66679200000,,0.01,0.01,Y,,corrected-archive-csv
162860,Luleå-Kallax Flygplats,8,Snödjup,"momentanvärde, 1 gång/dygn, kl 06",meter,1967-11-22T06:00:00Z,1967-11-22T07:00:00+01:00,-66592800000,,0.01,0.01,Y,,corrected-archive-csv
162860,Luleå-Kallax Flygplats,8,Snödjup,"momentanvärde, 1 gång/dygn, kl 06",meter,1967-11-23T06:00:00Z,1967-11-23T07:00:00+01:00,-66506400000,,0.01,0.01,Y,,corrected-archive-csv
162860,Luleå-Kallax Flygplats,8,Snödjup,"momentanvärde, 1 gång/dygn, kl 06",meter,1967-11-24T06:00:00Z,1967-11-24T07:00:00+01:00,-66420000000,,0.01,0.01,Y,,corrected-archive-csv
162860,Luleå-Kallax Flygplats,8,Snödjup,"momentanvärde, 1 gång/dygn, kl 06",meter,1967-11-25T06:00:00Z,1967-11-25T07:00:00+01:00,-66333600000,,0.01,0.01,Y,,corrected-archive-csv
162860,Luleå-Kallax Flygplats,8,Snödjup,"momentanvärde, 1 gång/dygn, kl 06",meter,1967-11-26T06:00:00Z,1967-11-26T07:00:00+01:00,-66247200000,,0.00,0.00,Y,,corrected-archive-csv
162860,Luleå-Kallax Flygplats,8,Snödjup,"momentanvärde, 1 gång/dygn, kl 06",meter,1967-11-27T06:00:00Z,1967-11-27T07:00:00+01:00,-66160800000,,0.00,0.00,Y,,corrected-archive-csv
162860,Luleå-Kallax Flygplats,8,Snödjup,"momentanvärde, 1 gång/dygn, kl 06",meter,1967-11-28T06:00:00Z,1967-11-28T07:00:00+01:00,-66074400000,,0.00,0.00,Y,,corrected-archive-csv
162860,Luleå-Kallax Flygplats,8,Snödjup,"momentanvärde, 1 gång/dygn, kl 06",meter,1967-11-29T06:00:00Z,1967-11-29T07:00:00+01:00,-65988000000,,0.00,0.00,Y,,corrected-archive-csv
162860,Luleå-Kallax Flygplats,8,Snödjup,"momentanvärde, 1 gång/dygn, kl 06",meter,1967-12-01T06:00:00Z,1967-12-01T07:00:00+01:00,-65815200000,,0.00,0.00,Y,,corrected-archive-csv
162860,Luleå-Kallax Flygplats,8,Snödjup,"momentanvärde, 1 gång/dygn, kl 06",meter,1967-12-02T06:00:00Z,1967-12-02T07:00:00+01:00,-65728800000,,0.00,0.00,Y,,corrected-archive-csv
162860,Luleå-Kallax Flygplats,8,Snödjup,"momentanvärde, 1 gång/dygn, kl 06",meter,1967-12-03T06:00:00Z,1967-12-03T07:00:00+01:00,-65642400000,,0.00,0.00,Y,,corrected-archive-csv
162860,Luleå-Kallax Flygplats,8,Snödjup,"momentanvärde, 1 gång/dygn, kl 06",meter,1967-12-04T06:00:00Z,1967-12-04T07:00:00+01:00,-65556000000,,0.01,0.01,Y,,corrected-archive-csv
162860,Luleå-Kallax Flygplats,8,Snödjup,"momentanvärde, 1 gång/dygn, kl 06",meter,1967-12-05T06:00:00Z,1967-12-05T07:00:00+01:00,-65469600000,,0.06,0.06,Y,,corrected-archive-csv
162860,Luleå-Kallax Flygplats,8,Snödjup,"momentanvärde, 1 gång/dygn, kl 06",meter,1967-12-06T06:00:00Z,1967-12-06T07:00:00+01:00,-65383200000,,0.30,0.30,Y,,corrected-archive-csv
162860,Luleå-Kallax Flygplats,8,Snödjup,"momentanvärde, 1 gång/dygn, kl 06",meter,1967-12-07T06:00:00Z,1967-12-07T07:00:00+01:00,-65296800000,,0.30,0.30,Y,,corrected-archive-csv
162860,Luleå-Kallax Flygplats,8,Snödjup,"momentanvärde, 1 gång/dygn, kl 06",meter,1967-12-08T06:00:00Z,1967-12-08T07:00:00+01:00,-65210400000,,0.30,0.30,Y,,corrected-archive-csv
162860,Luleå-Kallax Flygplats,8,Snödjup,"momentanvärde, 1 gång/dygn, kl 06",meter,1967-12-09T06:00:00Z,1967-12-09T07:00:00+01:00,-65124000000,,0.31,0.31,Y,,corrected-archive-csv
162860,Luleå-Kallax Flygplats,8,Snödjup,"momentanvärde, 1 gång/dygn, kl 06",meter,1967-12-10T06:00:00Z,1967-12-10T07:00:00+01:00,-65037600000,,0.31,0.31,Y,,corrected-archive-csv
162860,Luleå-Kallax Flygplats,8,Snödjup,"momentanvärde, 1 gång/dygn, kl 06",meter,1967-12-11T06:00:00Z,1967-12-11T07:00:00+01:00,-64951200000,,0.25,0.25,Y,,corrected-archive-csv
162860,Luleå-Kallax Flygplats,8,Snödjup,"momentanvärde, 1 gång/dygn, kl 06",meter,1967-12-12T06:00:00Z,1967-12-12T07:00:00+01:00,-64864800000,,0.20,0.20,Y,,corrected-archive-csv
162860,Luleå-Kallax Flygplats,8,Snödjup,"momentanvärde, 1 gång/dygn, kl 06",meter,1967-12-13T06:00:00Z,1967-12-13T07:00:00+01:00,-64778400000,,0.20,0.20,Y,,corrected-archive-csv
162860,Luleå-Kallax Flygplats,8,Snödjup,"momentanvärde, 1 gång/dygn, kl 06",meter,1967-12-14T06:00:00Z,1967-12-14T07:00:00+01:00,-64692000000,,0.20,0.20,Y,,corrected-archive-csv
162860,Luleå-Kallax Flygplats,8,Snödjup,"momentanvärde, 1 gång/dygn, kl 06",meter,1967-12-15T06:00:00Z,1967-12-15T07:00:00+01:00,-64605600000,,0.24,0.24,Y,,corrected-archive-csv
162860,Luleå-Kallax Flygplats,8,Snödjup,"momentanvärde, 1 gång/dygn, kl 06",meter,1967-12-16T06:00:00Z,1967-12-16T07:00:00+01:00,-64519200000,,0.24,0.24,Y,,corrected-archive-csv
162860,Luleå-Kallax Flygplats,8,Snödjup,"momentanvärde, 1 gång/dygn, kl 06",meter,1967-12-17T06:00:00Z,1967-12-17T07:00:00+01:00,-64432800000,,0.24,0.24,Y,,corrected-archive-csv
162860,Luleå-Kallax Flygplats,8,Snödjup,"momentanvärde, 1 gång/dygn, kl 06",meter,1967-12-18T06:00:00Z,1967-12-18T07:00:00+01:00,-64346400000,,0.22,0.22,Y,,corrected-archive-csv
162860,Luleå-Kallax Flygplats,8,Snödjup,"momentanvärde, 1 gång/dygn, kl 06",meter,1967-12-19T06:00:00Z,1967-12-19T07:00:00+01:00,-64260000000,,0.21,0.21,Y,,corrected-archive-csv
162860,Luleå-Kallax Flygplats,8,Snödjup,"momentanvärde, 1 gång/dygn, kl 06",meter,1967-12-20T06:00:00Z,1967-12-20T07:00:00+01:00,-64173600000,,0.21,0.21,Y,,corrected-archive-csv
162860,Luleå-Kallax Flygplats,8,Snödjup,"momentanvärde, 1 gång/dygn, kl 06",meter,1967-12-21T06:00:00Z,1967-12-21T07:00:00+01:00,-64087200000,,0.21,0.21,Y,,corrected-archive-csv
162860,Luleå-Kallax Flygplats,8,Snödjup,"momentanvärde, 1 gång/dygn, kl 06",meter,1967-12-22T06:00:00Z,1967-12-22T07:00:00+01:00,-64000800000,,0.21,0.21,Y,,corrected-archive-csv
162860,Luleå-Kallax Flygplats,8,Snödjup,"momentanvärde, 1 gång/dygn, kl 06",meter,1967-12-23T06:00:00Z,1967-12-23T07:00:00+01:00,-63914400000,,0.21,0.21,Y,,corrected-archive-csv
162860,Luleå-Kallax Flygplats,8,Snödjup,"momentanvärde, 1 gång/dygn, kl 06",meter,1967-12-24T06:00:00Z,1967-12-24T07:00:00+01:00,-63828000000,,0.21,0.21,Y,,corrected-archive-csv
162860,Luleå-Kallax Flygplats,8,Snödjup,"momentanvärde, 1 gång/dygn, kl 06",meter,1967-12-25T06:00:00Z,1967-12-25T07:00:00+01:00,-63741600000,,0.21,0.21,Y,,corrected-archive-csv
162860,Luleå-Kallax Flygplats,8,Snödjup,"momentanvärde, 1 gång/dygn, kl 06",meter,1967-12-26T06:00:00Z,1967-12-26T07:00:00+01:00,-63655200000,,0.21,0.21,Y,,corrected-archive-csv
162860,Luleå-Kallax Flygplats,8,Snödjup,"momentanvärde, 1 gång/dygn, kl 06",meter,1967-12-27T06:00:00Z,1967-12-27T07:00:00+01:00,-63568800000,,0.22,0.22,Y,,corrected-archive-csv
162860,Luleå-Kallax Flygplats,8,Snödjup,"momentanvärde, 1 gång/dygn, kl 06",meter,1967-12-28T06:00:00Z,1967-12-28T07:00:00+01:00,-63482400000,,0.24,0.24,Y,,corrected-archive-csv
162860,Luleå-Kallax Flygplats,8,Snödjup,"momentanvärde, 1 gång/dygn, kl 06",meter,1967-12-29T06:00:00Z,1967-12-29T07:00:00+01:00,-63396000000,,0.36,0.36,Y,,corrected-archive-csv
162860,Luleå-Kallax Flygplats,8,Snödjup,"momentanvärde, 1 gång/dygn, kl 06",meter,1967-12-30T06:00:00Z,1967-12-30T07:00:00+01:00,-63309600000,,0.37,0.37,Y,,corrected-archive-csv
162860,Luleå-Kallax Flygplats,8,Snödjup,"momentanvärde, 1 gång/dygn, kl 06",meter,1967-12-31T06:00:00Z,1967-12-31T07:00:00+01:00,-63223200000,,0.37,0.37,Y,,corrected-archive-csv
