parameter_id,configured_name,parameter_name,parameter_summary,unit,status,periods_used,error
1,Lufttemperatur,,,,unavailable,,
3,Vindriktning,,,,unavailable,,
4,Vindhastighet,,,,unavailable,,
5,Nederbörd 1 dygn,Nederbördsmängd,"summa 1 dygn, 1 gång/dygn, kl 06",millimeter,ok,latest-months,
6,Relativ luftfuktighet,,,,unavailable,,
7,Nederbörd 1 timme,,,,unavailable,,
8,Snödjup,,,,unavailable,,
9,Lufttryck,,,,unavailable,,
12,Sikt,,,,unavailable,,
13,Rådande väder,,,,unavailable,,
16,Total molnmängd,,,,unavailable,,
21,Byvind,,,,unavailable,,
39,Daggpunktstemperatur,,,,unavailable,,
